x (ft),y (ft),description,img_last4,neck,seat_track,seat_height
-144.2927133,-36.60655184,,1271,50th_male,mid,mid
-140.7597999,-35.71064304,,1271,50th_male,mid,mid
-137.3938812,-34.30450131,,1271,50th_male,mid,mid
-137.3938812,-34.23542651,,1271,50th_male,mid,mid
-137.3938812,-34.23542651,,1271,50th_male,mid,mid
-137.3938812,-34.23542651,,1271,50th_male,mid,mid
-137.3938812,-34.02821194,,1271,50th_male,mid,mid
-137.3938812,-33.89006234,,1271,50th_male,mid,mid
-137.3938812,-33.82099081,,1271,50th_male,mid,mid
-135.769918,-32.84100722,,1271,50th_male,mid,mid
-135.769918,-32.56794291,,1271,50th_male,mid,mid
-135.769918,-32.43141404,,1271,50th_male,mid,mid
-132.6332808,-31.61525262,,1271,50th_male,mid,mid
-131.118002,-30.82524606,,1271,50th_male,mid,mid
-131.118002,-30.56142388,,1271,50th_male,mid,mid
-131.118002,-30.36355971,,1271,50th_male,mid,mid
-131.118002,-30.16569554,,1271,50th_male,mid,mid
-129.636542,-29.6615584,,1271,50th_male,mid,mid
-129.636542,-29.59633858,,1271,50th_male,mid,mid
-128.1877822,-28.97504921,,1271,50th_male,mid,mid
-128.1877822,-28.97504921,,1271,50th_male,mid,mid
-128.1877822,-28.84604987,,1271,50th_male,mid,mid
-126.7706496,-28.23973425,,1271,50th_male,mid,mid
-126.7706496,-28.04834646,,1271,50th_male,mid,mid
-126.7706496,-27.85696194,,1271,50th_male,mid,mid
-126.7706496,-27.72937008,,1271,50th_male,mid,mid
-126.7706496,-27.41039698,,1271,50th_male,mid,mid
-126.7706496,-27.28280512,,1271,50th_male,mid,mid
-126.7706496,-26.96382874,,1271,50th_male,mid,mid
-128.1877822,-26.9110794,,1271,50th_male,mid,mid
-134.1835531,-27.29518045,,1271,50th_male,mid,mid
-134.1835531,-27.29518045,,1271,50th_male,mid,mid
-135.769918,-27.37972769,,1271,50th_male,mid,mid
-135.769918,-27.17493438,,1271,50th_male,mid,mid
-137.3938812,-27.12092848,,1271,50th_male,mid,mid
-139.0567159,-27.34523294,,1271,50th_male,mid,mid
-144.2927133,-27.83403215,,1271,50th_male,mid,mid
-149.9333465,-28.28529856,,1271,50th_male,mid,mid
-151.9117585,-28.31644357,,1271,50th_male,mid,mid
-153.9425197,-28.42569882,,1271,50th_male,mid,mid
-156.0277133,-28.69454724,,1271,50th_male,mid,mid
-156.0277133,-28.61621391,,1271,50th_male,mid,mid
-158.1695505,-28.73250984,,1271,50th_male,mid,mid
-164.9588747,-29.26668307,,1271,50th_male,mid,mid
-172.3508497,-29.93472441,,1271,50th_male,mid,mid
-177.6541699,-30.2358399,,1271,50th_male,mid,mid
-189.2941142,-31.37106299,,1271,50th_male,mid,mid
-195.6995899,-31.94675853,,1271,50th_male,mid,mid
-202.5500492,-32.66389764,,1271,50th_male,mid,mid
-209.8932415,-33.3275164,,1271,50th_male,mid,mid
-217.7839469,-34.14963255,,1271,50th_male,mid,mid
-230.7897867,-35.4469357,,1271,50th_male,mid,mid
-250.7345932,-37.26920604,,1271,50th_male,mid,mid
-281.058084,-40.4610958,,1271,50th_male,mid,mid
-311.1207251,-43.71875,,1271,50th_male,mid,mid
-409.4932841,-53.81692585,,1271,50th_male,mid,mid
-440.3880774,-56.57352362,,1271,50th_male,mid,mid
-496.5448261,-62.69794619,,1271,50th_male,mid,mid
-542.643189,-67.18459646,,1271,50th_male,mid,mid
-630.3620538,-76.03606627,,1271,50th_male,mid,mid
-803.3466076,-93.35812664,,1271,50th_male,mid,mid
-1011.273442,-114.8081955,,1271,50th_male,mid,mid
-1543.394075,-169.1909711,,1271,50th_male,mid,mid
-2547.887165,-273.7501115,,1271,50th_male,mid,mid
30504.5637,3106.110141,,1271,50th_male,mid,mid
3476.326611,344.6875591,,1271,50th_male,mid,mid
2684.045026,264.185958,,1271,50th_male,mid,mid
1404.540495,133.4818898,,1271,50th_male,mid,mid
1134.377828,105.6028215,,1271,50th_male,mid,mid
951.4720046,87.19997375,,1271,50th_male,mid,mid
880.5122277,79.62385171,,1271,50th_male,mid,mid
551.7414928,45.88843176,,1271,50th_male,mid,mid
551.7414928,45.88843176,,1271,50th_male,mid,mid
465.0631594,37.33964567,,1271,50th_male,mid,mid
447.4995341,35.60740486,,1271,50th_male,mid,mid
447.4995341,35.60740486,,1271,50th_male,mid,mid
431.218586,34.00166995,,1271,50th_male,mid,mid
416.0847999,32.50907808,,1271,50th_male,mid,mid
401.9810072,31.11807087,,1271,50th_male,mid,mid
300.3351706,20.64791995,,1271,50th_male,mid,mid
285.9002953,19.10455052,,1271,50th_male,mid,mid
279.1937139,18.45643045,,1271,50th_male,mid,mid
255.259042,16.01739829,,1271,50th_male,mid,mid
255.259042,16.01739829,,1271,50th_male,mid,mid
230.5816043,13.6448458,,1271,50th_male,mid,mid
210.2800066,11.58934383,,1271,50th_male,mid,mid
193.286168,9.963956693,,1271,50th_male,mid,mid
181.5620046,8.7532021,,1271,50th_male,mid,mid
176.221893,8.245098425,,1271,50th_male,mid,mid
173.6689501,8.00218832,,1271,50th_male,mid,mid
164.1626444,7.016929134,,1271,50th_male,mid,mid
164.1626444,7.016929134,,1271,50th_male,mid,mid
157.6952657,6.404780184,,1271,50th_male,mid,mid
131.7970636,3.953461286,,1271,50th_male,mid,mid
127.6157546,3.557690289,,1271,50th_male,mid,mid
123.6947244,3.186555118,,1271,50th_male,mid,mid
120.0104134,2.77902231,,1271,50th_male,mid,mid
115.4308104,2.347828084,,1271,50th_male,mid,mid
112.2219619,2.045695538,,1271,50th_male,mid,mid
110.1814108,1.853569554,,1271,50th_male,mid,mid
107.2579987,1.525846457,,1271,50th_male,mid,mid
103.5967159,1.182936352,,1271,50th_male,mid,mid
99.36209974,0.78632874,,1271,50th_male,mid,mid
95.46520669,0.421351706,,1271,50th_male,mid,mid
92.56466864,0.149691601,,1271,50th_male,mid,mid
91.18057087,0.020059055,,1271,50th_male,mid,mid
90.5042126,-0.043290682,,1271,50th_male,mid,mid
87.89792651,-0.287388451,,1271,50th_male,mid,mid
84.84755249,-0.57308399,,1271,50th_male,mid,mid
82.55824147,-0.787496719,,1271,50th_male,mid,mid
80.92226378,-0.901335302,,1271,50th_male,mid,mid
77.35072178,-1.237614829,,1271,50th_male,mid,mid
73.64359908,-1.550889108,,1271,50th_male,mid,mid
71.92299541,-1.713746719,,1271,50th_male,mid,mid
71.50560039,-1.753254593,,1271,50th_male,mid,mid
70.28263123,-1.869012467,,1271,50th_male,mid,mid
68.71710302,-2.017191601,,1271,50th_male,mid,mid
67.22139108,-2.158763123,,1271,50th_male,mid,mid
65.09889108,-2.359662073,,1271,50th_male,mid,mid
63.10942913,-2.54796916,,1271,50th_male,mid,mid
61.24096129,-2.724822835,,1271,50th_male,mid,mid
60.05713911,-2.83687664,,1271,50th_male,mid,mid
59.48268373,-2.89125,,1271,50th_male,mid,mid
58.36707021,-2.996843832,,1271,50th_male,mid,mid
57.29363189,-3.070797244,,1271,50th_male,mid,mid
56.2600689,-3.142004593,,1271,50th_male,mid,mid
54.06931759,-3.325495407,,1271,50th_male,mid,mid
40.67443898,-20.32103675,,1271,50th_male,mid,mid
40.67443898,-20.32103675,,1271,50th_male,mid,mid
40.67443898,-20.20468504,,1271,50th_male,mid,mid
40.54534449,-20.14620407,,1271,50th_male,mid,mid
40.54534449,-20.0882185,,1271,50th_male,mid,mid
40.54534449,-20.06889108,,1271,50th_male,mid,mid
40.54534449,-19.99157808,,1271,50th_male,mid,mid
40.41711286,-19.95326115,,1271,50th_male,mid,mid
40.41711286,-19.91473097,,1271,50th_male,mid,mid
40.16315617,-19.68598753,,1271,50th_male,mid,mid
40.16315617,-19.64771325,,1271,50th_male,mid,mid
40.03741798,-19.5536647,,1271,50th_male,mid,mid
40.03741798,-19.4773622,,1271,50th_male,mid,mid
39.91250656,-19.36515748,,1271,50th_male,mid,mid
39.91250656,-19.28910761,,1271,50th_male,mid,mid
39.91250656,-19.19403543,,1271,50th_male,mid,mid
39.91250656,-19.13699147,,1271,50th_male,mid,mid
39.66509514,-18.67065945,,1271,50th_male,mid,mid
39.66509514,-18.65176837,,1271,50th_male,mid,mid
39.66509514,-18.57620407,,1271,50th_male,mid,mid
39.66509514,-18.55731299,,1271,50th_male,mid,mid
39.66509514,-18.5384252,,1271,50th_male,mid,mid
39.78839567,-18.79883202,,1271,50th_male,mid,mid
39.78839567,-18.79883202,,1271,50th_male,mid,mid
40.16315617,-18.57597113,,1271,50th_male,mid,mid
40.28971457,-18.5711122,,1271,50th_male,mid,mid
40.41711286,-18.54695538,,1271,50th_male,mid,mid
40.41711286,-18.48916667,,1271,50th_male,mid,mid
40.41711286,-18.14240486,,1271,50th_male,mid,mid
40.41711286,-18.06534777,,1271,50th_male,mid,mid
40.41711286,-17.9882874,,1271,50th_male,mid,mid
40.41711286,-17.8919685,,1271,50th_male,mid,mid
40.41711286,-17.81490814,,1271,50th_male,mid,mid
40.41711286,-17.73785105,,1271,50th_male,mid,mid
40.41711286,-17.66079396,,1271,50th_male,mid,mid
40.41711286,-17.66079396,,1271,50th_male,mid,mid
40.41711286,-17.60300197,,1271,50th_male,mid,mid
40.41711286,-17.52594488,,1271,50th_male,mid,mid
40.41711286,-17.4488878,,1271,50th_male,mid,mid
40.41711286,-17.39109252,,1271,50th_male,mid,mid
40.41711286,-17.31403543,,1271,50th_male,mid,mid
40.28971457,-17.22703412,,1271,50th_male,mid,mid
40.28971457,-17.15022638,,1271,50th_male,mid,mid
40.28971457,-17.11182743,,1271,50th_male,mid,mid
40.28971457,-16.99662073,,1271,50th_male,mid,mid
40.28971457,-16.91981955,,1271,50th_male,mid,mid
40.28971457,-16.86221457,,1271,50th_male,mid,mid
40.28971457,-16.82380906,,1271,50th_male,mid,mid
40.28971457,-16.72780512,,1271,50th_male,mid,mid
40.28971457,-16.65099738,,1271,50th_male,mid,mid
40.28971457,-16.55499344,,1271,50th_male,mid,mid
40.28971457,-16.53579396,,1271,50th_male,mid,mid
40.28971457,-16.49739173,,1271,50th_male,mid,mid
40.28971457,-16.32458005,,1271,50th_male,mid,mid
40.28971457,-16.24777559,,1271,50th_male,mid,mid
40.41711286,-16.13890748,,1271,50th_male,mid,mid
40.41711286,-16.11964239,,1271,50th_male,mid,mid
40.54534449,-16.0099836,,1271,50th_male,mid,mid
40.54534449,-15.97133202,,1271,50th_male,mid,mid
40.54534449,-15.85536089,,1271,50th_male,mid,mid
40.67443898,-15.80264108,,1271,50th_male,mid,mid
40.67443898,-15.78324803,,1271,50th_male,mid,mid
40.80438648,-15.51608924,,1271,50th_male,mid,mid
40.80438648,-15.49663058,,1271,50th_male,mid,mid
37.24817585,-8.922988845,,1271,50th_male,mid,mid
37.57447178,-9.088759843,,1271,50th_male,mid,mid
37.57447178,-9.088759843,,1271,50th_male,mid,mid
38.01893045,-9.15191601,,1271,50th_male,mid,mid
38.13177165,-9.172483596,,1271,50th_male,mid,mid
38.13177165,-9.190613517,,1271,50th_male,mid,mid
38.13177165,-9.208743438,,1271,50th_male,mid,mid
38.13177165,-9.208743438,,1271,50th_male,mid,mid
38.13177165,-9.26312664,,1271,50th_male,mid,mid
38.13177165,-9.317516404,,1271,50th_male,mid,mid
38.13177165,-9.371902887,,1271,50th_male,mid,mid
38.13177165,-9.408159449,,1271,50th_male,mid,mid
38.24531824,-9.484143701,,1271,50th_male,mid,mid
38.24531824,-9.538700787,,1271,50th_male,mid,mid
38.35957349,-9.615331365,,1271,50th_male,mid,mid
38.47454396,-9.655839895,,1271,50th_male,mid,mid
38.47454396,-9.67414042,,1271,50th_male,mid,mid
38.70665354,-9.737624672,,1271,50th_male,mid,mid
38.82380906,-9.834324147,,1271,50th_male,mid,mid
38.94170932,-9.968700787,,1271,50th_male,mid,mid
39.06036089,-10.02957021,,1271,50th_male,mid,mid
39.29993766,-10.17118438,,1271,50th_male,mid,mid
39.42086614,-10.27082677,,1271,50th_male,mid,mid
39.54258858,-10.33345472,,1271,50th_male,mid,mid
39.54258858,-10.38994423,,1271,50th_male,mid,mid
39.54258858,-10.42760499,,1271,50th_male,mid,mid
39.78839567,-10.47887795,,1271,50th_male,mid,mid
39.78839567,-10.47887795,,1271,50th_male,mid,mid
39.78839567,-10.59258858,,1271,50th_male,mid,mid
39.91250656,-10.63786089,,1271,50th_male,mid,mid
40.16315617,-10.88239829,,1271,50th_male,mid,mid
40.16315617,-10.93981299,,1271,50th_male,mid,mid
40.54534449,-11.25526903,,1271,50th_male,mid,mid
40.54534449,-11.31325459,,1271,50th_male,mid,mid
40.54534449,-11.40989501,,1271,50th_male,mid,mid
40.80438648,-11.50798556,,1271,50th_male,mid,mid
40.80438648,-11.54689961,,1271,50th_male,mid,mid
40.80438648,-11.60526903,,1271,50th_male,mid,mid
40.80438648,-11.72201115,,1271,50th_male,mid,mid
40.80438648,-11.83875328,,1271,50th_male,mid,mid
40.80438648,-11.95549213,,1271,50th_male,mid,mid
41.06687008,-12.07748688,,1271,50th_male,mid,mid
41.06687008,-12.13624672,,1271,50th_male,mid,mid
41.19944882,-12.32580381,,1271,50th_male,mid,mid
41.19944882,-12.32580381,,1271,50th_male,mid,mid
41.19944882,-12.40441601,,1271,50th_male,mid,mid
41.19944882,-12.50268045,,1271,50th_male,mid,mid
41.19944882,-12.54198491,,1271,50th_male,mid,mid
41.19944882,-12.67955709,,1271,50th_male,mid,mid
41.19944882,-12.73851706,,1271,50th_male,mid,mid
41.19944882,-13.13157808,,1271,50th_male,mid,mid
41.19944882,-13.19053806,,1271,50th_male,mid,mid
41.19944882,-13.2298458,,1271,50th_male,mid,mid
41.19944882,-13.24949803,,1271,50th_male,mid,mid
41.19944882,-13.26915026,,1271,50th_male,mid,mid
41.33292323,-13.42373031,,1271,50th_male,mid,mid
41.33292323,-13.48288714,,1271,50th_male,mid,mid
41.33292323,-13.60120407,,1271,50th_male,mid,mid
41.33292323,-13.6209252,,1271,50th_male,mid,mid
41.33292323,-13.75895669,,1271,50th_male,mid,mid
41.33292323,-13.79839567,,1271,50th_male,mid,mid
41.33292323,-13.93643373,,1271,50th_male,mid,mid
41.33292323,-13.9758727,,1271,50th_male,mid,mid
41.33292323,-14.09418635,,1271,50th_male,mid,mid
41.33292323,-14.19278543,,1271,50th_male,mid,mid
41.33292323,-14.27166339,,1271,50th_male,mid,mid
41.33292323,-14.31110236,,1271,50th_male,mid,mid
41.33292323,-14.33082021,,1271,50th_male,mid,mid
41.33292323,-14.46885827,,1271,50th_male,mid,mid
41.33292323,-14.52801509,,1271,50th_male,mid,mid
41.33292323,-14.76464895,,1271,50th_male,mid,mid
41.33292323,-14.7843668,,1271,50th_male,mid,mid
41.33292323,-14.80408465,,1271,50th_male,mid,mid
41.33292323,-14.8829626,,1271,50th_male,mid,mid
41.33292323,-14.96184055,,1271,50th_male,mid,mid
41.33292323,-15.02100066,,1271,50th_male,mid,mid
41.33292323,-15.11959646,,1271,50th_male,mid,mid
41.33292323,-15.1393143,,1271,50th_male,mid,mid
41.33292323,-15.15903543,,1271,50th_male,mid,mid
41.33292323,-15.31679134,,1271,50th_male,mid,mid
41.33292323,-15.33650919,,1271,50th_male,mid,mid
41.19944882,-15.45064304,,1271,50th_male,mid,mid
41.06687008,-15.56400919,,1271,50th_male,mid,mid
32.64921588,-6.648113517,,1271,50th_male,mid,mid
32.73115814,-6.674461942,,1271,50th_male,mid,mid
32.73115814,-6.736246719,,1271,50th_male,mid,mid
32.73115814,-6.751692913,,1271,50th_male,mid,mid
32.81355643,-6.778389108,,1271,50th_male,mid,mid
32.81355643,-6.793874672,,1271,50th_male,mid,mid
32.89636811,-6.836282808,,1271,50th_male,mid,mid
32.97962927,-6.92562336,,1271,50th_male,mid,mid
33.0633399,-6.952998688,,1271,50th_male,mid,mid
33.23210958,-7.086663386,,1271,50th_male,mid,mid
33.31717192,-7.114691601,,1271,50th_male,mid,mid
33.66206693,-7.323786089,,1271,50th_male,mid,mid
33.7494685,-7.400698819,,1271,50th_male,mid,mid
34.0145374,-7.521397638,,1271,50th_male,mid,mid
34.0145374,-7.553562992,,1271,50th_male,mid,mid
34.0145374,-7.553562992,,1271,50th_male,mid,mid
34.19370407,-7.597585302,,1271,50th_male,mid,mid
34.93065617,-7.828267717,,1271,50th_male,mid,mid
34.93065617,-7.861345144,,1271,50th_male,mid,mid
35.12014108,-7.925003281,,1271,50th_male,mid,mid
35.31177822,-8.006118766,,1271,50th_male,mid,mid
35.31177822,-8.039576772,,1271,50th_male,mid,mid
35.31177822,-8.073031496,,1271,50th_male,mid,mid
35.50563648,-8.138641732,,1271,50th_male,mid,mid
35.90012467,-8.272152231,,1271,50th_male,mid,mid
36.10083661,-8.357204724,,1271,50th_male,mid,mid
36.40635827,-8.52984252,,1271,50th_male,mid,mid
36.5093832,-8.564973753,,1271,50th_male,mid,mid
36.71732283,-8.61843832,,1271,50th_male,mid,mid
36.71732283,-8.722998688,,1271,50th_male,mid,mid
36.92775262,-8.795262467,,1271,50th_male,mid,mid
37.03391732,-8.849301181,,1271,50th_male,mid,mid
37.24817585,-8.940679134,,1271,50th_male,mid,mid
32.97962927,-6.614235564,,1271,50th_male,mid,mid
32.24585958,-6.427181759,,1271,50th_male,mid,mid
53.60612861,-3.370026247,,1271,50th_male,mid,mid
53.37758858,-3.391998031,,1271,50th_male,mid,mid
52.4831857,-3.477988845,,1271,50th_male,mid,mid
52.4831857,-3.477988845,,1271,50th_male,mid,mid
52.04748688,-3.519878609,,1271,50th_male,mid,mid
51.40778543,-3.581381234,,1271,50th_male,mid,mid
50.78409449,-3.641345144,,1271,50th_male,mid,mid
49.77862533,-3.738011811,,1271,50th_male,mid,mid
49.00342848,-3.812542651,,1271,50th_male,mid,mid
48.0688189,-3.902398294,,1271,50th_male,mid,mid
47.5255479,-3.954629265,,1271,50th_male,mid,mid
44.98941273,-4.155387139,,1271,50th_male,mid,mid
44.3597605,-4.216548556,,1271,50th_male,mid,mid
44.05173885,-4.246469816,,1271,50th_male,mid,mid
41.46730315,-4.497509843,,1271,50th_male,mid,mid
40.03741798,-4.598254593,,1271,50th_male,mid,mid
38.70665354,-4.710426509,,1271,50th_male,mid,mid
38.01893045,-4.778254593,,1271,50th_male,mid,mid
36.92775262,-4.885872703,,1271,50th_male,mid,mid
36.20207677,-4.94027231,,1271,50th_male,mid,mid
36.10083661,-4.950308399,,1271,50th_male,mid,mid
35.31177822,-5.028523622,,1271,50th_male,mid,mid
34.55805774,-5.103234908,,1271,50th_male,mid,mid
33.31717192,-5.241971785,,1271,50th_male,mid,mid
32.89636811,-5.283474409,,1271,50th_male,mid,mid
32.40593832,-5.331843832,,1271,50th_male,mid,mid
32.40593832,-5.362411417,,1271,50th_male,mid,mid
32.24585958,-5.454068241,,1271,50th_male,mid,mid
32.24585958,-5.499681759,,1271,50th_male,mid,mid
32.24585958,-5.514885171,,1271,50th_male,mid,mid
32.16644357,-5.613277559,,1271,50th_male,mid,mid
32.16644357,-5.643608924,,1271,50th_male,mid,mid
32.16644357,-5.74976706,,1271,50th_male,mid,mid
32.16644357,-5.764931102,,1271,50th_male,mid,mid
32.16644357,-5.916587927,,1271,50th_male,mid,mid
32.16644357,-5.992414698,,1271,50th_male,mid,mid
32.16644357,-6.098572835,,1271,50th_male,mid,mid
32.16644357,-6.159235564,,1271,50th_male,mid,mid
32.16644357,-6.219895013,,1271,50th_male,mid,mid
32.16644357,-6.219895013,,1271,50th_male,mid,mid
32.16644357,-6.250226378,,1271,50th_male,mid,mid
32.24585958,-6.290337927,,1271,50th_male,mid,mid
32.24585958,-6.351158136,,1271,50th_male,mid,mid
32.24585958,-6.396771654,,1271,50th_male,mid,mid
32.40593832,-6.462893701,,1271,50th_male,mid,mid
32.40593832,-6.508746719,,1271,50th_male,mid,mid
32.40593832,-6.554599738,,1271,50th_male,mid,mid
32.40593832,-6.56988189,,1271,50th_male,mid,mid
32.48660433,-6.580498688,,1271,50th_male,mid,mid
32.48660433,-6.580498688,,1271,50th_male,mid,mid
39.99870735,-18.17744751,,1271,50th_male,mid,mid
-159.687021,-62.97672244,,1270,50th_male,mid,mid
-163.2233235,-64.17378281,,1270,50th_male,mid,mid
-163.4795538,-63.72998031,,1270,50th_male,mid,mid
-163.6717257,-63.39711942,,1270,50th_male,mid,mid
-160.2511778,-61.99956365,,1270,50th_male,mid,mid
-160.3765551,-61.78242782,,1270,50th_male,mid,mid
-160.6272769,-61.34813648,,1270,50th_male,mid,mid
-160.8153346,-61.0224147,,1270,50th_male,mid,mid
-161.254124,-60.26241142,,1270,50th_male,mid,mid
-161.504872,-59.82812008,,1270,50th_male,mid,mid
-161.504872,-59.82812008,,1270,50th_male,mid,mid
-161.6929134,-59.50240486,,1270,50th_male,mid,mid
-161.8809711,-59.17668635,,1270,50th_male,mid,mid
-162.0063386,-58.95955052,,1270,50th_male,mid,mid
-158.8765092,-57.36558727,,1270,50th_male,mid,mid
-159.1219849,-56.94041995,,1270,50th_male,mid,mid
-155.9956496,-55.62899934,,1270,50th_male,mid,mid
-156.1759711,-55.31668307,,1270,50th_male,mid,mid
-156.296168,-55.10847769,,1270,50th_male,mid,mid
-156.296168,-55.10847769,,1270,50th_male,mid,mid
-156.4764928,-54.79615486,,1270,50th_male,mid,mid
-156.7770112,-54.2756332,,1270,50th_male,mid,mid
-156.8972343,-54.0674147,,1270,50th_male,mid,mid
-157.1376542,-53.65098753,,1270,50th_male,mid,mid
-157.438189,-53.13045276,,1270,50th_male,mid,mid
-157.6184974,-52.81814304,,1270,50th_male,mid,mid
-164.6390814,-54.39951115,,1270,50th_male,mid,mid
-172.3543438,-56.00913714,,1270,50th_male,mid,mid
-185.1068077,-59.07848425,,1270,50th_male,mid,mid
-189.7044685,-60.32700459,,1270,50th_male,mid,mid
-194.6814731,-61.38296588,,1270,50th_male,mid,mid
-211.0843963,-65.17349081,,1270,50th_male,mid,mid
-223.5426608,-68.16292651,,1270,50th_male,mid,mid
-253.3417552,-75.31339567,,1270,50th_male,mid,mid
-281.3557251,-82.03554134,,1270,50th_male,mid,mid
-316.078481,-90.60154528,,1270,50th_male,mid,mid
-378.1397277,-105.818399,,1270,50th_male,mid,mid
-534.8100951,-144.4302067,,1270,50th_male,mid,mid
-620.0667749,-165.5946457,,1270,50th_male,mid,mid
-674.0761319,-178.2550591,,1270,50th_male,mid,mid
-1030.363248,-264.7899016,,1270,50th_male,mid,mid
-1398.222415,-355.1624836,,1270,50th_male,mid,mid
-3005.074728,-746.6103445,,1270,50th_male,mid,mid
-12720.09582,-3131.957165,,1270,50th_male,mid,mid
1466.103402,349.0581398,,1270,50th_male,mid,mid
941.9026214,221.1190518,,1270,50th_male,mid,mid
549.8114665,125.0217356,,1270,50th_male,mid,mid
514.1730807,116.3497572,,1270,50th_male,mid,mid
455.365269,101.7077822,,1270,50th_male,mid,mid
354.1319127,76.8906857,,1270,50th_male,mid,mid
289.9768406,60.95220472,,1270,50th_male,mid,mid
238.2385827,48.34125328,,1270,50th_male,mid,mid
218.8087828,43.52596785,,1270,50th_male,mid,mid
171.9860531,32.33773294,,1270,50th_male,mid,mid
161.6371457,29.86487533,,1270,50th_male,mid,mid
155.4094783,28.3767815,,1270,50th_male,mid,mid
141.7727231,25.11829396,,1270,50th_male,mid,mid
134.7422539,23.34137795,,1270,50th_male,mid,mid
126.3421719,21.34031168,,1270,50th_male,mid,mid
117.266834,19.09418963,,1270,50th_male,mid,mid
102.5522605,15.52616142,,1270,50th_male,mid,mid
93.20654528,13.31343176,,1270,50th_male,mid,mid
90.13319226,12.585771,,1270,50th_male,mid,mid
88.19636483,12.12719816,,1270,50th_male,mid,mid
86.34259514,11.68829396,,1270,50th_male,mid,mid
82.06752953,10.61763123,,1270,50th_male,mid,mid
77.44441929,9.526404199,,1270,50th_male,mid,mid
72.07422572,8.207667323,,1270,50th_male,mid,mid
65.2788878,6.608654856,,1270,50th_male,mid,mid
59.6794357,5.291043307,,1270,50th_male,mid,mid
57.23363845,4.715521654,,1270,50th_male,mid,mid
55.69454396,4.392631234,,1270,50th_male,mid,mid
52.87454396,3.764261811,,1270,50th_male,mid,mid
50.29641732,3.260147638,,1270,50th_male,mid,mid
30.76596457,-2.264173228,,1270,50th_male,mid,mid
30.74474409,-2.227414698,,1270,50th_male,mid,mid
30.74474409,-2.227414698,,1270,50th_male,mid,mid
30.77657808,-2.282555774,,1270,50th_male,mid,mid
30.7871916,-2.300935039,,1270,50th_male,mid,mid
30.90406496,-2.297276903,,1270,50th_male,mid,mid
30.95731627,-2.389511155,,1270,50th_male,mid,mid
30.96796916,-2.407959318,,1270,50th_male,mid,mid
31.01057087,-2.481748688,,1270,50th_male,mid,mid
31.095771,-2.629324147,,1270,50th_male,mid,mid
31.1277231,-2.684665354,,1270,50th_male,mid,mid
31.1703248,-2.758454724,,1270,50th_male,mid,mid
31.1703248,-2.758454724,,1270,50th_male,mid,mid
31.21292651,-2.832244094,,1270,50th_male,mid,mid
31.21292651,-2.832244094,,1270,50th_male,mid,mid
31.234229,-2.869137139,,1270,50th_male,mid,mid
31.2661811,-2.924478346,,1270,50th_male,mid,mid
31.28748031,-2.961371391,,1270,50th_male,mid,mid
31.35138451,-3.072053806,,1270,50th_male,mid,mid
31.38333333,-3.127395013,,1270,50th_male,mid,mid
31.40463255,-3.164288058,,1270,50th_male,mid,mid
31.43658465,-3.219629265,,1270,50th_male,mid,mid
31.5669521,-3.237834646,,1270,50th_male,mid,mid
31.71973425,-3.293336614,,1270,50th_male,mid,mid
31.87365157,-3.349248688,,1270,50th_male,mid,mid
31.87365157,-3.349248688,,1270,50th_male,mid,mid
32.01789042,-3.386853675,,1270,50th_male,mid,mid
32.06112205,-3.461732283,,1270,50th_male,mid,mid
32.19574147,-3.481105643,,1270,50th_male,mid,mid
32.36404199,-3.557201444,,1270,50th_male,mid,mid
32.51173556,-3.596007218,,1270,50th_male,mid,mid
32.66053478,-3.635101706,,1270,50th_male,mid,mid
32.7994521,-3.655419948,,1270,50th_male,mid,mid
32.8104626,-3.67449147,,1270,50th_male,mid,mid
32.97257218,-3.733326772,,1270,50th_male,mid,mid
33.11372047,-3.754169948,,1270,50th_male,mid,mid
33.4328084,-3.854432415,,1270,50th_male,mid,mid
33.5885794,-3.895423228,,1270,50th_male,mid,mid
33.75681102,-3.956243438,,1270,50th_male,mid,mid
33.92634514,-4.017532808,,1270,50th_male,mid,mid
34.23520013,-4.082322835,,1270,50th_male,mid,mid
34.38571194,-4.105187008,,1270,50th_male,mid,mid
34.39715551,-4.125006562,,1270,50th_male,mid,mid
34.56040026,-4.168024934,,1270,50th_male,mid,mid
34.85600394,-4.19492126,,1270,50th_male,mid,mid
35.04626969,-4.279002625,,1270,50th_male,mid,mid
35.08114501,-4.339409449,,1270,50th_male,mid,mid
35.26138123,-4.404186352,,1270,50th_male,mid,mid
35.29640092,-4.464832677,,1270,50th_male,mid,mid
35.46650919,-4.510075459,,1270,50th_male,mid,mid
35.62622047,-4.535308399,,1270,50th_male,mid,mid
35.63798556,-4.555685696,,1270,50th_male,mid,mid
35.82266404,-4.622125984,,1270,50th_male,mid,mid
36.00885171,-4.689104331,,1270,50th_male,mid,mid
36.23227362,-4.818510499,,1270,50th_male,mid,mid
36.26800197,-4.88039042,,1270,50th_male,mid,mid
36.49339567,-5.011108924,,1270,50th_male,mid,mid
36.68464239,-5.08050853,,1270,50th_male,mid,mid
36.86539042,-5.129603018,,1270,50th_male,mid,mid
36.91361549,-5.213129921,,1270,50th_male,mid,mid
36.91361549,-5.213129921,,1270,50th_male,mid,mid
37.12027231,-5.304914698,,1270,50th_male,mid,mid
37.30435367,-5.355347769,,1270,50th_male,mid,mid
37.3651378,-5.460629921,,1270,50th_male,mid,mid
37.3894521,-5.502742782,,1270,50th_male,mid,mid
37.4502395,-5.608024934,,1270,50th_male,mid,mid
37.63644685,-5.659934383,,1270,50th_male,mid,mid
37.87325459,-5.797211286,,1270,50th_male,mid,mid
37.91003281,-5.860908793,,1270,50th_male,mid,mid
37.97132874,-5.967076772,,1270,50th_male,mid,mid
37.98358596,-5.988310367,,1270,50th_male,mid,mid
38.02036417,-6.052007874,,1270,50th_male,mid,mid
38.24749344,-6.17019357,,1270,50th_male,mid,mid
38.27211286,-6.212837927,,1270,50th_male,mid,mid
49.3431168,3.171669948,,1270,50th_male,mid,mid
49.0563878,3.102319554,,1270,50th_male,mid,mid
47.12518373,2.668490814,,1270,50th_male,mid,mid
45.83388123,2.387565617,,1270,50th_male,mid,mid
44.86462927,2.151715879,,1270,50th_male,mid,mid
43.93697835,1.925987533,,1270,50th_male,mid,mid
43.48791339,1.816715879,,1270,50th_male,mid,mid
43.04830709,1.709747375,,1270,50th_male,mid,mid
42.40592848,1.553435039,,1270,50th_male,mid,mid
40.78649606,1.15937336,,1270,50th_male,mid,mid
39.6539042,0.883776247,,1270,50th_male,mid,mid
37.90520013,0.458261155,,1270,50th_male,mid,mid
36.93112205,0.221236877,,1270,50th_male,mid,mid
35.40645013,-0.125032808,,1270,50th_male,mid,mid
34.69821522,-0.297887139,,1270,50th_male,mid,mid
33.22834974,-0.633474409,,1270,50th_male,mid,mid
32.85287073,-0.725393701,,1270,50th_male,mid,mid
32.01052822,-0.931594488,,1270,50th_male,mid,mid
31.43616798,-1.072198163,,1270,50th_male,mid,mid
31.10186024,-1.154035433,,1270,50th_male,mid,mid
30.9920899,-1.180908793,,1270,50th_male,mid,mid
30.66761811,-1.260337927,,1270,50th_male,mid,mid
30.57176837,-1.305009843,,1270,50th_male,mid,mid
30.49801181,-1.386377953,,1270,50th_male,mid,mid
30.53008202,-1.441922572,,1270,50th_male,mid,mid
30.46739829,-1.540948163,,1270,50th_male,mid,mid
30.49935039,-1.59628937,,1270,50th_male,mid,mid
30.44761483,-1.71277231,,1270,50th_male,mid,mid
30.45822507,-1.731151575,,1270,50th_male,mid,mid
30.39625328,-1.828412073,,1270,50th_male,mid,mid
30.41739829,-1.86503937,,1270,50th_male,mid,mid
30.44911745,-1.919980315,,1270,50th_male,mid,mid
30.49141404,-1.993234908,,1270,50th_male,mid,mid
30.59714567,-2.17636811,,1270,50th_male,mid,mid
30.62886483,-2.231309055,,1270,50th_male,mid,mid
30.67116142,-2.304566929,,1270,50th_male,mid,mid
30.68173228,-2.322880577,,1270,50th_male,mid,mid
73.51106299,43.34738517,,1270,50th_male,mid,mid
71.85604987,42.31507874,,1270,50th_male,mid,mid
70.20936024,41.43699475,,1270,50th_male,mid,mid
70.20936024,41.43699475,,1270,50th_male,mid,mid
68.69444226,40.48891732,,1270,50th_male,mid,mid
67.21201772,39.6326542,,1270,50th_male,mid,mid
66.50867782,39.19174541,,1270,50th_male,mid,mid
65.14439633,38.33650591,,1270,50th_male,mid,mid
63.83400262,37.51505249,,1270,50th_male,mid,mid
61.82253281,36.58430774,,1270,50th_male,mid,mid
59.41266404,35.25224409,,1270,50th_male,mid,mid
57.69916667,34.35005577,,1270,50th_male,mid,mid
56.6071916,33.77510827,,1270,50th_male,mid,mid
56.6071916,33.77510827,,1270,50th_male,mid,mid
55.87116142,33.84920604,,1270,50th_male,mid,mid
55.29984908,33.65880577,,1270,50th_male,mid,mid
54.73831037,33.47164698,,1270,50th_male,mid,mid
54.11169948,33.41707349,,1270,50th_male,mid,mid
54.03701444,33.54643373,,1270,50th_male,mid,mid
53.54504593,33.27790682,,1270,50th_male,mid,mid
53.47099081,33.40617454,,1270,50th_male,mid,mid
52.9144521,33.26826772,,1270,50th_male,mid,mid
52.9144521,33.26826772,,1270,50th_male,mid,mid
51.92513451,32.83244094,,1270,50th_male,mid,mid
51.82883202,32.99923556,,1270,50th_male,mid,mid
51.6603084,33.29113517,,1270,50th_male,mid,mid
51.53993438,33.49963255,,1270,50th_male,mid,mid
50.98893373,33.4057021,,1270,50th_male,mid,mid
50.82178806,33.69521654,,1270,50th_male,mid,mid
50.70239173,33.90200787,,1270,50th_male,mid,mid
50.60687664,34.06744751,,1270,50th_male,mid,mid
50.53524278,34.19151903,,1270,50th_male,mid,mid
50.4636122,34.31559711,,1270,50th_male,mid,mid
50.43972769,34.3569521,,1270,50th_male,mid,mid
50.34421588,34.52239173,,1270,50th_male,mid,mid
50.27257874,34.64646654,,1270,50th_male,mid,mid
50.20094488,34.77054462,,1270,50th_male,mid,mid
50.12931102,34.89461942,,1270,50th_male,mid,mid
50.03379593,35.06005249,,1270,50th_male,mid,mid
49.98603675,35.14276903,,1270,50th_male,mid,mid
49.84276575,35.39092192,,1270,50th_male,mid,mid
49.74725394,35.55635827,,1270,50th_male,mid,mid
49.7233727,35.59771654,,1270,50th_male,mid,mid
49.55622375,35.88722769,,1270,50th_male,mid,mid
49.50847113,35.96994423,,1270,50th_male,mid,mid
49.41295604,36.13538058,,1270,50th_male,mid,mid
49.36520013,36.21809711,,1270,50th_male,mid,mid
49.26968504,36.38353346,,1270,50th_male,mid,mid
49.1980479,36.50761155,,1270,50th_male,mid,mid
49.10253609,36.67304462,,1270,50th_male,mid,mid
49.07865814,36.71440617,,1270,50th_male,mid,mid
59.32988189,46.84658136,,1270,50th_male,mid,mid
58.7320374,46.35191601,,1270,50th_male,mid,mid
57.57099081,45.39124016,,1270,50th_male,mid,mid
55.88383202,44.0655643,,1270,50th_male,mid,mid
55.8288878,44.16072178,,1270,50th_male,mid,mid
55.69153871,44.39861877,,1270,50th_male,mid,mid
55.60913058,44.54135499,,1270,50th_male,mid,mid
55.36190289,44.96957021,,1270,50th_male,mid,mid
54.75277559,44.66143373,,1270,50th_male,mid,mid
54.61670276,44.89711614,,1270,50th_male,mid,mid
54.56228018,44.9913878,,1270,50th_male,mid,mid
54.50785105,45.08565945,,1270,50th_male,mid,mid
54.42620735,45.22706693,,1270,50th_male,mid,mid
54.37177493,45.32133858,,1270,50th_male,mid,mid
54.26292323,45.50988189,,1270,50th_male,mid,mid
54.15406496,45.69843176,,1270,50th_male,mid,mid
54.04520997,45.88697507,,1270,50th_male,mid,mid
54.95656496,47.06068898,,1270,50th_male,mid,mid
55.32740814,47.83418963,,1270,50th_male,mid,mid
55.29941273,47.88268045,,1270,50th_male,mid,mid
55.24341864,47.97966535,,1270,50th_male,mid,mid
55.13143701,48.17362861,,1270,50th_male,mid,mid
55.01944882,48.36758858,,1270,50th_male,mid,mid
54.9354626,48.51306102,,1270,50th_male,mid,mid
54.34649606,48.1173622,,1270,50th_male,mid,mid
53.71371719,47.82432087,,1270,50th_male,mid,mid
53.63130249,47.96705381,,1270,50th_male,mid,mid
53.03829068,47.6310105,,1270,50th_male,mid,mid
52.98386155,47.72528215,,1270,50th_male,mid,mid
52.95664698,47.7724147,,1270,50th_male,mid,mid
52.87500328,47.91382874,,1270,50th_male,mid,mid
51.85802493,47.02356299,,1270,50th_male,mid,mid
51.8045899,47.11610892,,1270,50th_male,mid,mid
51.72444554,47.2549311,,1270,50th_male,mid,mid
50.72019685,46.43798228,,1270,50th_male,mid,mid
50.66771982,46.52886811,,1270,50th_male,mid,mid
46.92947178,42.55089567,,1270,50th_male,mid,mid
46.92947178,42.55089567,,1270,50th_male,mid,mid
46.43598753,42.33992126,,1270,50th_male,mid,mid
46.04608596,41.96696522,,1270,50th_male,mid,mid
46.02221129,42.00832349,,1270,50th_male,mid,mid
44.84373688,41.00484908,,1270,50th_male,mid,mid
44.02775262,40.46807415,,1270,50th_male,mid,mid
43.53825131,40.36367782,,1270,50th_male,mid,mid
42.78346785,39.81026575,,1270,50th_male,mid,mid
41.94115814,39.46478675,,1270,50th_male,mid,mid
41.89700459,39.54125984,,1270,50th_male,mid,mid
41.8749311,39.57949147,,1270,50th_male,mid,mid
41.69833333,39.88537073,,1270,50th_male,mid,mid
41.61003609,40.03830381,,1270,50th_male,mid,mid
41.49965879,40.22948163,,1270,50th_male,mid,mid
41.45550853,40.30594816,,1270,50th_male,mid,mid
43.87538386,43.68061352,,1270,50th_male,mid,mid
43.85188648,43.72130906,,1270,50th_male,mid,mid
43.78140748,43.84338911,,1270,50th_male,mid,mid
43.73441601,43.9247769,,1270,50th_male,mid,mid
43.49947178,44.33171588,,1270,50th_male,mid,mid
43.45248031,44.41310039,,1270,50th_male,mid,mid
43.4289895,44.45379921,,1270,50th_male,mid,mid
42.62895997,43.85823491,,1270,50th_male,mid,mid
42.55959318,43.97838583,,1270,50th_male,mid,mid
41.76277231,43.4388878,,1270,50th_male,mid,mid
41.69448819,43.55716535,,1270,50th_male,mid,mid
40.94557743,42.99358596,,1270,50th_male,mid,mid
40.87833661,43.11005249,,1270,50th_male,mid,mid
40.08687992,42.6764895,,1270,50th_male,mid,mid
39.73291667,42.40766404,,1270,50th_male,mid,mid
39.68910105,42.48355971,,1270,50th_male,mid,mid
39.04064633,41.8818832,,1270,50th_male,mid,mid
38.99747703,41.9566601,,1270,50th_male,mid,mid
38.93271982,42.0688189,,1270,50th_male,mid,mid
38.55214567,41.88458333,,1270,50th_male,mid,mid
37.91306759,41.3411811,,1270,50th_male,mid,mid
37.84971457,41.45091207,,1270,50th_male,mid,mid
37.40124344,41.42034121,,1270,50th_male,mid,mid
37.31737861,41.56559711,,1270,50th_male,mid,mid
37.25448163,41.67454068,,1270,50th_male,mid,mid
37.08675197,41.96505577,,1270,50th_male,mid,mid
37.00289042,42.11031168,,1270,50th_male,mid,mid
36.91902231,42.25557087,,1270,50th_male,mid,mid
36.87709318,42.32819554,,1270,50th_male,mid,mid
36.81418963,42.43714239,,1270,50th_male,mid,mid
36.75129593,42.54608596,,1270,50th_male,mid,mid
36.75129593,42.54608596,,1270,50th_male,mid,mid
6.26191601,49.12375984,,1269,50th_male,mid,mid
6.296036745,49.10406168,,1269,50th_male,mid,mid
6.465049213,49.41478346,,1269,50th_male,mid,mid
6.533756562,49.37511483,,1269,50th_male,mid,mid
6.808582677,49.21644357,,1269,50th_male,mid,mid
6.947664042,49.55002625,,1269,50th_male,mid,mid
7.053832021,49.90830709,,1269,50th_male,mid,mid
7.196538714,50.25130577,,1269,50th_male,mid,mid
7.442011155,50.10958333,,1269,50th_male,mid,mid
7.477080052,50.08933727,,1269,50th_male,mid,mid
7.736893045,50.80805118,,1269,50th_male,mid,mid
7.994895013,51.1026706,,1269,50th_male,mid,mid
8.376712598,51.78848753,,1269,50th_male,mid,mid
8.413038058,51.76751312,,1269,50th_male,mid,mid
8.522014436,51.70459646,,1269,50th_male,mid,mid
8.84335958,52.45171916,,1269,50th_male,mid,mid
9.027631234,52.34533136,,1269,50th_male,mid,mid
9.510793963,53.02658793,,1269,50th_male,mid,mid
9.585593832,52.98340551,,1269,50th_male,mid,mid
10.02151247,53.22255577,,1269,50th_male,mid,mid
10.19825131,53.61871063,,1269,50th_male,mid,mid
10.45415354,53.97668307,,1269,50th_male,mid,mid
10.67541667,54.36235892,,1269,50th_male,mid,mid
10.71395341,54.34011155,,1269,50th_male,mid,mid
10.98372047,54.18435696,,1269,50th_male,mid,mid
11.36300525,55.01604331,,1269,50th_male,mid,mid
11.63596129,55.39606299,,1269,50th_male,mid,mid
11.95295276,55.75911089,,1269,50th_male,mid,mid
12.27496063,56.1278937,,1269,50th_male,mid,mid
12.39515092,56.05850394,,1269,50th_male,mid,mid
12.88479003,56.33936024,,1269,50th_male,mid,mid
12.88479003,56.33936024,,1269,50th_male,mid,mid
13.04632546,56.2460958,,1269,50th_male,mid,mid
13.38230643,56.62473753,,1269,50th_male,mid,mid
13.50442913,56.55422572,,1269,50th_male,mid,mid
13.98800197,57.44835302,,1269,50th_male,mid,mid
14.15349409,57.35280184,,1269,50th_male,mid,mid
14.74001312,58.22649278,,1269,50th_male,mid,mid
14.90825787,58.12936024,,1269,50th_male,mid,mid
14.90825787,58.12936024,,1269,50th_male,mid,mid
15.67884843,59.58041995,,1269,50th_male,mid,mid
16.02394029,59.3811811,,1269,50th_male,mid,mid
16.2396227,59.2566601,,1269,50th_male,mid,mid
16.58471457,59.0574147,,1269,50th_male,mid,mid
17.32659121,59.94787402,,1269,50th_male,mid,mid
17.76543635,59.69450459,,1269,50th_male,mid,mid
18.36259843,60.71504265,,1269,50th_male,mid,mid
18.36259843,60.71504265,,1269,50th_male,mid,mid
18.82685039,61.1478937,,1269,50th_male,mid,mid
19.09718832,60.9918143,,1269,50th_male,mid,mid
19.18730315,60.93979003,,1269,50th_male,mid,mid
19.83516404,63.49868438,,1269,50th_male,mid,mid
20.12977362,64.87780512,,1269,50th_male,mid,mid
21.04204068,68.49168307,,1269,50th_male,mid,mid
21.3817126,70.06851706,,1269,50th_male,mid,mid
22.37437336,74.25663714,,1269,50th_male,mid,mid
22.82346785,76.0462336,,1269,50th_male,mid,mid
23.23641404,77.94740486,,1269,50th_male,mid,mid
24.50174869,83.00461614,,1269,50th_male,mid,mid
24.98965879,85.23247703,,1269,50th_male,mid,mid
26.80114829,92.49408793,,1269,50th_male,mid,mid
28.17348097,97.99526903,,1269,50th_male,mid,mid
29.44908465,102.4486647,,1269,50th_male,mid,mid
30.76318241,107.3422769,,1269,50th_male,mid,mid
31.2021916,109.0865387,,1269,50th_male,mid,mid
33.26147966,116.5293766,,1269,50th_male,mid,mid
34.30962927,120.669311,,1269,50th_male,mid,mid
36.89870735,129.675351,,1269,50th_male,mid,mid
39.07164042,137.3300525,,1269,50th_male,mid,mid
41.6041273,145.8391043,,1269,50th_male,mid,mid
45.60010827,158.8353707,,1269,50th_male,mid,mid
48.03971785,166.1139961,,1269,50th_male,mid,mid
48.26803478,165.9821719,,1269,50th_male,mid,mid
49.57755577,169.8704101,,1269,50th_male,mid,mid
49.81114501,169.7355315,,1269,50th_male,mid,mid
50.27832021,169.4658104,,1269,50th_male,mid,mid
51.3294685,168.858937,,1269,50th_male,mid,mid
51.7966437,168.589206,,1269,50th_male,mid,mid
52.61420604,168.1171883,,1269,50th_male,mid,mid
54.65506234,171.8025262,,1269,50th_male,mid,mid
56.30490157,175.9489829,,1269,50th_male,mid,mid
56.67223425,175.7369094,,1269,50th_male,mid,mid
56.79467848,175.6662073,,1269,50th_male,mid,mid
57.16201115,175.4541207,,1269,50th_male,mid,mid
57.89668635,175.0299639,,1269,50th_male,mid,mid
58.38646325,174.7471883,,1269,50th_male,mid,mid
59.48847113,174.1109547,,1269,50th_male,mid,mid
60.34558071,173.6160827,,1269,50th_male,mid,mid
61.08024934,173.1919357,,1269,50th_male,mid,mid
59.91539042,168.7654724,,1269,50th_male,mid,mid
56.17092848,156.9800623,,1269,50th_male,mid,mid
55.1033399,153.3486778,,1269,50th_male,mid,mid
50.09348753,137.4845571,,1269,50th_male,mid,mid
46.86549541,126.7834416,,1269,50th_male,mid,mid
41.94944554,111.513376,,1269,50th_male,mid,mid
38.95637139,102.6119455,,1269,50th_male,mid,mid
37.07685696,96.26630577,,1269,50th_male,mid,mid
34.75581365,89.41300525,,1269,50th_male,mid,mid
33.50360892,85.71563976,,1269,50th_male,mid,mid
33.10698819,84.54456037,,1269,50th_male,mid,mid
31.97424213,81.19992454,,1269,50th_male,mid,mid
30.25730971,76.13036745,,1269,50th_male,mid,mid
28.15615486,69.92632874,,1269,50th_male,mid,mid
25.5428248,62.54925197,,1269,50th_male,mid,mid
25.3180479,61.8823622,,1269,50th_male,mid,mid
26.49082021,64.48534777,,1269,50th_male,mid,mid
26.49082021,64.48534777,,1269,50th_male,mid,mid
27.03572835,65.03122703,,1269,50th_male,mid,mid
27.08567585,65.00239173,,1269,50th_male,mid,mid
27.54105315,65.61710958,,1269,50th_male,mid,mid
29.24694554,68.32495735,,1269,50th_male,mid,mid
29.35202428,68.26428806,,1269,50th_male,mid,mid
29.82488189,67.99128281,,1269,50th_male,mid,mid
30.35027887,67.68794948,,1269,50th_male,mid,mid
31.23541667,68.14851378,,1269,50th_male,mid,mid
31.5008727,67.99525262,,1269,50th_male,mid,mid
31.60705381,67.93394357,,1269,50th_male,mid,mid
32.73722441,69.28709974,,1269,50th_male,mid,mid
33.27951115,68.97401903,,1269,50th_male,mid,mid
33.49642388,68.84877625,,1269,50th_male,mid,mid
34.38957677,69.36853018,,1269,50th_male,mid,mid
35.19145997,69.96365814,,1269,50th_male,mid,mid
35.30229003,69.89966535,,1269,50th_male,mid,mid
35.41312336,69.83567257,,1269,50th_male,mid,mid
35.91186352,69.54772638,,1269,50th_male,mid,mid
36.29977362,69.32376312,,1269,50th_male,mid,mid
36.79851378,69.03581365,,1269,50th_male,mid,mid
37.24184383,68.7798622,,1269,50th_male,mid,mid
38.08416995,69.37504921,,1269,50th_male,mid,mid
38.25225722,69.27799869,,1269,50th_male,mid,mid
38.25225722,69.27799869,,1269,50th_male,mid,mid
39.00201444,69.95085302,,1269,50th_male,mid,mid
39.51192257,69.65645997,,1269,50th_male,mid,mid
39.90851706,69.42749016,,1269,50th_male,mid,mid
40.19180118,69.26394029,,1269,50th_male,mid,mid
40.36176837,69.16580052,,1269,50th_male,mid,mid
40.53173885,69.0676706,,1269,50th_male,mid,mid
40.53173885,69.0676706,,1269,50th_male,mid,mid
40.8150164,68.90412073,,1269,50th_male,mid,mid
40.92833661,68.83869094,,1269,50th_male,mid,mid
41.32492782,68.60972113,,1269,50th_male,mid,mid
41.60820866,68.44616798,,1269,50th_male,mid,mid
41.89149278,68.28261811,,1269,50th_male,mid,mid
42.06145997,68.18447835,,1269,50th_male,mid,mid
42.17430774,67.0136122,,1269,50th_male,mid,mid
42.23033793,66.98125984,,1269,50th_male,mid,mid
42.39842192,66.88421588,,1269,50th_male,mid,mid
42.79062992,66.65777231,,1269,50th_male,mid,mid
43.01474738,66.52838255,,1269,50th_male,mid,mid
43.35092192,66.33428806,,1269,50th_male,mid,mid
43.462979,66.26959646,,1269,50th_male,mid,mid
43.68709646,66.14020013,,1269,50th_male,mid,mid
43.91121391,66.01080052,,1269,50th_male,mid,mid
43.96724409,65.97845472,,1269,50th_male,mid,mid
44.24739501,65.8167126,,1269,50th_male,mid,mid
44.47150591,65.68732283,,1269,50th_male,mid,mid
45.25591535,65.23443898,,1269,50th_male,mid,mid
45.42400591,65.13739501,,1269,50th_male,mid,mid
45.64812336,65.00799869,,1269,50th_male,mid,mid
45.81621391,64.91095472,,1269,50th_male,mid,mid
46.48066273,65.63305446,,1269,50th_male,mid,mid
48.44912073,67.96740486,,1269,50th_male,mid,mid
50.80225394,70.32957021,,1269,50th_male,mid,mid
50.80225394,70.32957021,,1269,50th_male,mid,mid
51.52228018,71.2143668,,1269,50th_male,mid,mid
52.44669619,72.01312336,,1269,50th_male,mid,mid
54.11025262,73.81839239,,1269,50th_male,mid,mid
55.10310696,74.68099081,,1269,50th_male,mid,mid
55.49077756,74.45716535,,1269,50th_male,mid,mid
55.49077756,74.45716535,,1269,50th_male,mid,mid
56.07229003,74.12143373,,1269,50th_male,mid,mid
56.07229003,74.12143373,,1269,50th_male,mid,mid
50.48343504,64.4528084,,1269,50th_male,mid,mid
50.48343504,64.4528084,,1269,50th_male,mid,mid
50.9418143,64.18816273,,1269,50th_male,mid,mid
51.05641404,64.12200131,,1269,50th_male,mid,mid
51.28560367,63.9896752,,1269,50th_male,mid,mid
51.51479659,63.85735564,,1269,50th_male,mid,mid
51.97317913,63.59270669,,1269,50th_male,mid,mid
52.25966535,63.42730315,,1269,50th_male,mid,mid
52.60345472,63.2288189,,1269,50th_male,mid,mid
53.41878281,63.91472769,,1269,50th_male,mid,mid
54.42888451,64.51499016,,1269,50th_male,mid,mid
54.48751312,64.48114173,,1269,50th_male,mid,mid
54.54614173,64.44729659,,1269,50th_male,mid,mid
55.40334646,65.16356627,,1269,50th_male,mid,mid
56.16085958,65.96612205,,1269,50th_male,mid,mid
56.46093504,65.7928773,,1269,50th_male,mid,mid
56.58096457,65.7235794,,1269,50th_male,mid,mid
64.82161745,76.83645013,,1269,50th_male,mid,mid
64.89063648,76.79660105,,1269,50th_male,mid,mid
65.23571522,76.59737533,,1269,50th_male,mid,mid
65.71884186,76.31845144,,1269,50th_male,mid,mid
68.29580381,78.2420374,,1269,50th_male,mid,mid
71.66637139,81.78756562,,1269,50th_male,mid,mid
71.74044619,81.74479987,,1269,50th_male,mid,mid
72.03670932,81.57375328,,1269,50th_male,mid,mid
72.332979,81.40270013,,1269,50th_male,mid,mid
72.55518045,81.27441601,,1269,50th_male,mid,mid
72.62925197,81.23165026,,1269,50th_male,mid,mid
70.61071522,78.68398294,,1269,50th_male,mid,mid
68.70380577,76.27719816,,1269,50th_male,mid,mid
68.70380577,76.27719816,,1269,50th_male,mid,mid
67.85837598,75.08317913,,1269,50th_male,mid,mid
68.06541995,74.96364501,,1269,50th_male,mid,mid
68.20345801,74.88394685,,1269,50th_male,mid,mid
68.3414895,74.80425525,,1269,50th_male,mid,mid
68.47952428,74.72455709,,1269,50th_male,mid,mid
68.6175689,74.64486549,,1269,50th_male,mid,mid
68.96264436,74.4456332,,1269,50th_male,mid,mid
69.16969816,74.32609252,,1269,50th_male,mid,mid
69.30773622,74.24639436,,1269,50th_male,mid,mid
69.58380249,74.08700131,,1269,50th_male,mid,mid
71.1528084,74.863271,,1269,50th_male,mid,mid
72.2691273,75.94804462,,1269,50th_male,mid,mid
72.48197507,75.82515092,,1269,50th_male,mid,mid
73.56111877,76.98057087,,1269,50th_male,mid,mid
73.63307415,76.93902559,,1269,50th_male,mid,mid
73.84895997,76.81438648,,1269,50th_male,mid,mid
73.99288058,76.73128937,,1269,50th_male,mid,mid
75.62035433,77.62141732,,1269,50th_male,mid,mid
75.83935367,77.49498688,,1269,50th_male,mid,mid
77.36953084,78.49483596,,1269,50th_male,mid,mid
77.5176706,78.40931759,,1269,50th_male,mid,mid
57.57383858,54.94768045,,1269,50th_male,mid,mid
57.57383858,54.94768045,,1269,50th_male,mid,mid
57.73651903,54.85375,,1269,50th_male,mid,mid
57.84497703,54.79113517,,1269,50th_male,mid,mid
58.11612533,54.63459318,,1269,50th_male,mid,mid
57.73207677,53.84286089,,1269,50th_male,mid,mid
57.19681759,53.1596916,,1269,50th_male,mid,mid
57.4622769,53.00643373,,1269,50th_male,mid,mid
57.04044291,52.2783727,,1269,50th_male,mid,mid
56.88728675,51.41516404,,1269,50th_male,mid,mid
57.04329068,51.32509514,,1269,50th_male,mid,mid
57.35528871,51.14496063,,1269,50th_male,mid,mid
57.61528871,50.99485236,,1269,50th_male,mid,mid
57.77128609,50.90478675,,1269,50th_male,mid,mid
57.87528871,50.84474081,,1269,50th_male,mid,mid
57.87528871,50.84474081,,1269,50th_male,mid,mid
58.13528543,50.69463255,,1269,50th_male,mid,mid
58.39528543,50.544521,,1269,50th_male,mid,mid
59.40473097,50.91334974,,1269,50th_male,mid,mid
59.71996719,50.73134843,,1269,50th_male,mid,mid
60.59462598,51.19796916,,1269,50th_male,mid,mid
61.38051837,51.73643373,,1269,50th_male,mid,mid
61.64878609,51.58154528,,1269,50th_male,mid,mid
61.70244094,51.55057415,,1269,50th_male,mid,mid
61.80974738,51.48861549,,1269,50th_male,mid,mid
62.13166995,51.30275591,,1269,50th_male,mid,mid
62.18532152,51.2717815,,1269,50th_male,mid,mid
63.10513123,51.75418635,,1269,50th_male,mid,mid
63.88042323,52.34198819,,1269,50th_male,mid,mid
64.15449803,52.18374672,,1269,50th_male,mid,mid
65.00517717,52.75069226,,1269,50th_male,mid,mid
65.33767388,52.55872375,,1269,50th_male,mid,mid
65.33767388,52.55872375,,1269,50th_male,mid,mid
65.55933399,52.43074803,,1269,50th_male,mid,mid
65.83641732,52.27077756,,1269,50th_male,mid,mid
66.65910105,52.87730315,,1269,50th_male,mid,mid
67.55686024,53.46470801,,1269,50th_male,mid,mid
69.24018373,54.78023622,,1269,50th_male,mid,mid
70.25766404,55.37623688,,1269,50th_male,mid,mid
71.12104987,56.08894685,,1269,50th_male,mid,mid
71.18036089,56.05470472,,1269,50th_male,mid,mid
74.02145341,58.22445866,,1269,50th_male,mid,mid
76.32741142,59.5912336,,1269,50th_male,mid,mid
78.42806102,61.21432087,,1269,50th_male,mid,mid
80.63878281,62.92245407,,1269,50th_male,mid,mid
80.77138451,62.84589239,,1269,50th_male,mid,mid
82.02330709,63.6747769,,1269,50th_male,mid,mid
83.10462598,64.64388123,,1269,50th_male,mid,mid
84.35348753,65.55972769,,1269,50th_male,mid,mid
86.88526903,67.50940945,,1269,50th_male,mid,mid
89.78211614,69.44513123,,1269,50th_male,mid,mid
91.22004921,70.49824147,,1269,50th_male,mid,mid
97.49748688,74.99264764,,1269,50th_male,mid,mid
100.8977034,77.47958005,,1269,50th_male,mid,mid
102.7635007,78.73622703,,1269,50th_male,mid,mid
106.4278248,81.52433071,,1269,50th_male,mid,mid
106.5984219,81.42583333,,1269,50th_male,mid,mid
112.4570636,86.05170932,,1269,50th_male,mid,mid
112.5469094,85.9998458,,1269,50th_male,mid,mid
-10.6550853,20.46604987,,1267,50th_male,mid,mid
-10.51560696,20.20178806,,1267,50th_male,mid,mid
-10.16475394,19.56185039,,1267,50th_male,mid,mid
-10.00801181,19.3138353,,1267,50th_male,mid,mid
-9.829274934,18.94995735,,1267,50th_male,mid,mid
-9.753736877,18.8307874,,1267,50th_male,mid,mid
-9.533238189,18.3642979,,1267,50th_male,mid,mid
-9.338838583,18.13701115,,1267,50th_male,mid,mid
-9.053349738,17.80322835,,1267,50th_male,mid,mid
-8.915649606,17.58533793,,1267,50th_male,mid,mid
-8.891318898,17.58533793,,1267,50th_male,mid,mid
-8.509724409,17.05616798,,1267,50th_male,mid,mid
-8.072286745,17.47774606,,1267,50th_male,mid,mid
-8.104632546,17.69383202,,1267,50th_male,mid,mid
-8.104681759,18.02480315,,1267,50th_male,mid,mid
-8.071568241,18.13701115,,1267,50th_male,mid,mid
-8.062641076,18.59551837,,1267,50th_male,mid,mid
-8.045314961,18.8307874,,1267,50th_male,mid,mid
-8.001955381,19.07018373,,1267,50th_male,mid,mid
-7.97457021,19.43729331,,1267,50th_male,mid,mid
-7.97457021,19.43729331,,1267,50th_male,mid,mid
-7.999281496,19.81435367,,1267,50th_male,mid,mid
-8.007247375,20.0714731,,1267,50th_male,mid,mid
-7.917536089,20.20178806,,1267,50th_male,mid,mid
-7.924855643,20.46604987,,1267,50th_male,mid,mid
-7.905026247,20.73525591,,1267,50th_male,mid,mid
-7.902247375,21.14860564,,1267,50th_male,mid,mid
-7.899396325,21.57388451,,1267,50th_male,mid,mid
-7.899396325,21.57388451,,1267,50th_male,mid,mid
-7.914537402,22.16033793,,1267,50th_male,mid,mid
-7.846512467,22.31056759,,1267,50th_male,mid,mid
-7.802293307,22.92653215,,1267,50th_male,mid,mid
-7.731988189,23.08441273,,1267,50th_male,mid,mid
-7.63132874,23.24388451,,1267,50th_male,mid,mid
-7.54667979,23.5677395,,1267,50th_male,mid,mid
-7.533799213,23.73217848,,1267,50th_male,mid,mid
-7.383326772,23.73217848,,1267,50th_male,mid,mid
-7.233963255,24.06617126,,1267,50th_male,mid,mid
-7.158448163,24.58040354,,1267,50th_male,mid,mid
-7.018877953,24.7554626,,1267,50th_male,mid,mid
-6.954947507,25.11120735,,1267,50th_male,mid,mid
-6.95308399,25.4746752,,1267,50th_male,mid,mid
-6.822877297,25.84612533,,1267,50th_male,mid,mid
-6.822877297,25.84612533,,1267,50th_male,mid,mid
-6.754642388,26.22582021,,1267,50th_male,mid,mid
-6.68488189,26.61405184,,1267,50th_male,mid,mid
-6.646702756,27.0110794,,1267,50th_male,mid,mid
-6.601617454,27.83280184,,1267,50th_male,mid,mid
-6.465862861,27.83280184,,1267,50th_male,mid,mid
-6.376663386,28.04423885,,1267,50th_male,mid,mid
-6.311174541,28.69362205,,1267,50th_male,mid,mid
-6.276430446,28.69362205,,1267,50th_male,mid,mid
-6.241683071,28.69362205,,1267,50th_male,mid,mid
-6.079097769,28.91525262,,1267,50th_male,mid,mid
-6.044143701,28.91525262,,1267,50th_male,mid,mid
-5.884681759,30.0644521,,1267,50th_male,mid,mid
-8.234379921,17.58533793,,1267,50th_male,mid,mid
-8.25871063,17.58533793,,1267,50th_male,mid,mid
-8.290360892,17.47774606,,1267,50th_male,mid,mid
-8.363051181,17.47774606,,1267,50th_male,mid,mid
-8.387280184,17.47774606,,1267,50th_male,mid,mid
-8.328851706,17.2652231,,1267,50th_male,mid,mid
-8.311961942,17.16027231,,1267,50th_male,mid,mid
-8.295209974,17.05616798,,1267,50th_male,mid,mid
-8.302329396,16.9529101,,1267,50th_male,mid,mid
-8.373543307,16.9529101,,1267,50th_male,mid,mid
-8.421020341,16.9529101,,1267,50th_male,mid,mid
-5.686771654,30.54420276,,1267,50th_male,mid,mid
-5.686771654,30.54420276,,1267,50th_male,mid,mid
-5.585954724,30.78858924,,1267,50th_male,mid,mid
-5.557746063,31.03608596,,1267,50th_male,mid,mid
-5.575075459,31.5405643,,1267,50th_male,mid,mid
-5.500246063,31.5405643,,1267,50th_male,mid,mid
-5.425416667,31.5405643,,1267,50th_male,mid,mid
-5.35058727,31.5405643,,1267,50th_male,mid,mid
-5.245006562,31.79769029,,1267,50th_male,mid,mid
-5.138054462,32.05812664,,1267,50th_male,mid,mid
-5.067854331,32.32198819,,1267,50th_male,mid,mid
-4.996735564,32.58931759,,1267,50th_male,mid,mid
-4.929468504,33.13462598,,1267,50th_male,mid,mid
-4.702647638,33.69464895,,1267,50th_male,mid,mid
-4.663211942,33.69464895,,1267,50th_male,mid,mid
-4.623779528,33.69464895,,1267,50th_male,mid,mid
-4.507522966,33.98038714,,1267,50th_male,mid,mid
-4.429645669,34.27,,1267,50th_male,mid,mid
-4.309724409,34.27,,1267,50th_male,mid,mid
-4.189704724,34.56363189,,1267,50th_male,mid,mid
-4.738717192,36.73793635,,1267,50th_male,mid,mid
-4.961108924,37.40020997,,1267,50th_male,mid,mid
-5.046925853,37.40020997,,1267,50th_male,mid,mid
-5.096387795,37.73871063,,1267,50th_male,mid,mid
-5.329160105,38.43092192,,1267,50th_male,mid,mid
-5.435396982,39.14424213,,1267,50th_male,mid,mid
-5.544924541,39.8796752,,1267,50th_male,mid,mid
-5.703838583,40.63819554,,1267,50th_male,mid,mid
-6.052142388,42.64313976,,1267,50th_male,mid,mid
-6.245734908,43.92685039,,1267,50th_male,mid,mid
-6.519537402,45.74242782,,1267,50th_male,mid,mid
-6.889744094,48.19725722,,1267,50th_male,mid,mid
-7.211007218,50.32755906,,1267,50th_male,mid,mid
-7.411663386,52.0335958,,1267,50th_male,mid,mid
-7.411663386,52.0335958,,1267,50th_male,mid,mid
-7.4430479,52.62456365,,1267,50th_male,mid,mid
-7.41730315,53.22720472,,1267,50th_male,mid,mid
-7.274393045,53.84182415,,1267,50th_male,mid,mid
-7.489396325,55.76166995,,1267,50th_male,mid,mid
-7.374245407,57.10875984,,1267,50th_male,mid,mid
-7.469937664,57.80378281,,1267,50th_male,mid,mid
-7.350620079,59.23899606,,1267,50th_male,mid,mid
-7.226007218,60.73784121,,1267,50th_male,mid,mid
-7.096430446,60.73784121,,1267,50th_male,mid,mid
-6.902060367,60.73784121,,1267,50th_male,mid,mid
-7.027250656,63.94425197,,1267,50th_male,mid,mid
-6.923192257,64.79283465,,1267,50th_male,mid,mid
-6.64882874,64.79283465,,1267,50th_male,mid,mid
-6.608458005,65.66164698,,1267,50th_male,mid,mid
-6.637358924,66.55134186,,1267,50th_male,mid,mid
-6.382572178,67.46260827,,1267,50th_male,mid,mid
-6.193490814,68.3963878,,1267,50th_male,mid,mid
-5.853953412,69.35337927,,1267,50th_male,mid,mid
-5.635354331,69.35337927,,1267,50th_male,mid,mid
-5.125285433,69.35337927,,1267,50th_male,mid,mid
-4.760951444,69.35337927,,1267,50th_male,mid,mid
-4.615216535,69.35337927,,1267,50th_male,mid,mid
-4.250879265,69.35337927,,1267,50th_male,mid,mid
-3.962431102,68.3963878,,1267,50th_male,mid,mid
-3.554606299,65.66164698,,1267,50th_male,mid,mid
-3.308877953,63.11505577,,1267,50th_male,mid,mid
-3.144281496,60.73784121,,1267,50th_male,mid,mid
-2.831617454,57.10875984,,1267,50th_male,mid,mid
-2.592398294,54.46889108,,1267,50th_male,mid,mid
-2.592398294,54.46889108,,1267,50th_male,mid,mid
-2.37171916,52.0335958,,1267,50th_male,mid,mid
-2.222027559,49.7800689,,1267,50th_male,mid,mid
-2.083100394,47.68865814,,1267,50th_male,mid,mid
-2.017316273,46.69833005,,1267,50th_male,mid,mid
-1.892490157,44.81915026,,1267,50th_male,mid,mid
-1.892490157,44.81915026,,1267,50th_male,mid,mid
-1.747946194,42.64313976,,1267,50th_male,mid,mid
-1.640554462,41.02645997,,1267,50th_male,mid,mid
-1.56437664,39.8796752,,1267,50th_male,mid,mid
-1.515524934,39.14424213,,1267,50th_male,mid,mid
-1.515524934,39.14424213,,1267,50th_male,mid,mid
-1.491656824,38.78489829,,1267,50th_male,mid,mid
-1.335708661,37.73871063,,1267,50th_male,mid,mid
-1.270787402,38.08222113,,1267,50th_male,mid,mid
-1.009498031,38.08222113,,1267,50th_male,mid,mid
-0.878851706,38.08222113,,1267,50th_male,mid,mid
-0.835305118,38.08222113,,1267,50th_male,mid,mid
-0.704658793,38.08222113,,1267,50th_male,mid,mid
-0.530465879,38.08222113,,1267,50th_male,mid,mid
-0.182080052,38.08222113,,1267,50th_male,mid,mid
-0.051433727,38.08222113,,1267,50th_male,mid,mid
0.209852362,38.08222113,,1267,50th_male,mid,mid
0.286866798,38.43092192,,1267,50th_male,mid,mid
0.506240157,38.43092192,,1267,50th_male,mid,mid
0.67449147,38.78489829,,1267,50th_male,mid,mid
1.112568898,39.14424213,,1267,50th_male,mid,mid
1.246200787,39.14424213,,1267,50th_male,mid,mid
1.332946194,39.50913386,,1267,50th_male,mid,mid
1.557375328,39.50913386,,1267,50th_male,mid,mid
1.873366142,39.8796752,,1267,50th_male,mid,mid
2.410209974,39.50913386,,1267,50th_male,mid,mid
2.051122047,39.50913386,,1267,50th_male,mid,mid
2.054301181,39.8796752,,1267,50th_male,mid,mid
2.732805118,39.8796752,,1267,50th_male,mid,mid
2.732805118,39.8796752,,1267,50th_male,mid,mid
2.868503937,39.8796752,,1267,50th_male,mid,mid
2.913736877,39.8796752,,1267,50th_male,mid,mid
2.958969816,39.8796752,,1267,50th_male,mid,mid
3.004202756,39.8796752,,1267,50th_male,mid,mid
3.094671916,39.8796752,,1267,50th_male,mid,mid
3.185137795,39.8796752,,1267,50th_male,mid,mid
3.501771654,39.8796752,,1267,50th_male,mid,mid
3.698635171,40.25596129,,1267,50th_male,mid,mid
3.698635171,40.25596129,,1267,50th_male,mid,mid
3.990485564,40.63819554,,1267,50th_male,mid,mid
4.082372047,40.63819554,,1267,50th_male,mid,mid
4.286955381,41.02645997,,1267,50th_male,mid,mid
4.425882546,41.02645997,,1267,50th_male,mid,mid
4.56480643,41.02645997,,1267,50th_male,mid,mid
4.68152231,41.42095144,,1267,50th_male,mid,mid
4.941276247,41.82180774,,1267,50th_male,mid,mid
5.129494751,41.82180774,,1267,50th_male,mid,mid
5.223602362,41.82180774,,1267,50th_male,mid,mid
5.411820866,41.82180774,,1267,50th_male,mid,mid
5.411820866,41.82180774,,1267,50th_male,mid,mid
5.727047244,42.22912402,,1267,50th_male,mid,mid
5.916791339,42.22912402,,1267,50th_male,mid,mid
6.190905512,42.64313976,,1267,50th_male,mid,mid
6.286555118,42.64313976,,1267,50th_male,mid,mid
6.430029528,42.64313976,,1267,50th_male,mid,mid
6.621325459,42.64313976,,1267,50th_male,mid,mid
6.764799869,42.64313976,,1267,50th_male,mid,mid
6.956099081,42.64313976,,1267,50th_male,mid,mid
7.192831365,43.06399606,,1267,50th_male,mid,mid
7.192831365,43.06399606,,1267,50th_male,mid,mid
7.337486877,43.06399606,,1267,50th_male,mid,mid
7.433927165,43.06399606,,1267,50th_male,mid,mid
7.725219816,43.49181759,,1267,50th_male,mid,mid
7.972378609,43.92685039,,1267,50th_male,mid,mid
8.217516404,43.92685039,,1267,50th_male,mid,mid
8.266545276,43.92685039,,1267,50th_male,mid,mid
8.364603018,43.92685039,,1267,50th_male,mid,mid
8.668697507,44.36920604,,1267,50th_male,mid,mid
8.828389108,44.81915026,,1267,50th_male,mid,mid
8.828389108,44.81915026,,1267,50th_male,mid,mid
8.977985564,44.81915026,,1267,50th_male,mid,mid
9.22730643,44.81915026,,1267,50th_male,mid,mid
9.594356955,45.27683727,,1267,50th_male,mid,mid
9.745239501,45.27683727,,1267,50th_male,mid,mid
10.06923556,45.74242782,,1267,50th_male,mid,mid
10.3477395,46.21621719,,1267,50th_male,mid,mid
10.4500853,46.21621719,,1267,50th_male,mid,mid
10.4500853,46.21621719,,1267,50th_male,mid,mid
10.55243766,46.21621719,,1267,50th_male,mid,mid
10.80830709,46.21621719,,1267,50th_male,mid,mid
10.91065617,46.21621719,,1267,50th_male,mid,mid
11.11535433,46.21621719,,1267,50th_male,mid,mid
11.32004921,46.21621719,,1267,50th_male,mid,mid
11.42240157,46.21621719,,1267,50th_male,mid,mid
11.67827428,46.21621719,,1267,50th_male,mid,mid
11.88296916,46.21621719,,1267,50th_male,mid,mid
11.9341437,46.21621719,,1267,50th_male,mid,mid
12.03649278,46.21621719,,1267,50th_male,mid,mid
12.33482612,46.69833005,,1267,50th_male,mid,mid
12.64458333,46.69833005,,1267,50th_male,mid,mid
12.79946194,46.69833005,,1267,50th_male,mid,mid
12.90271654,46.69833005,,1267,50th_male,mid,mid
13.05759514,46.69833005,,1267,50th_male,mid,mid
13.16084646,46.69833005,,1267,50th_male,mid,mid
13.4718668,47.18908136,,1267,50th_male,mid,mid
13.4718668,47.18908136,,1267,50th_male,mid,mid
13.57604003,47.18908136,,1267,50th_male,mid,mid
13.73229987,47.18908136,,1267,50th_male,mid,mid
13.7843832,47.18908136,,1267,50th_male,mid,mid
14.11798556,48.71521325,,1267,50th_male,mid,mid
14.35075459,49.7800689,,1267,50th_male,mid,mid
14.59237533,50.8854101,,1267,50th_male,mid,mid
14.60449803,51.45401903,,1267,50th_male,mid,mid
14.85817585,52.62456365,,1267,50th_male,mid,mid
15.25787402,54.46889108,,1267,50th_male,mid,mid
15.53804134,55.76166995,,1267,50th_male,mid,mid
15.6825,56.42823819,,1267,50th_male,mid,mid
15.6825,56.42823819,,1267,50th_male,mid,mid
15.98060367,57.80378281,,1267,50th_male,mid,mid
16.29164042,59.23899606,,1267,50th_male,mid,mid
16.45228018,59.98023294,,1267,50th_male,mid,mid
16.61646654,60.73784121,,1267,50th_male,mid,mid
17.4266601,64.79283465,,1267,50th_male,mid,mid
17.61413386,65.66164698,,1267,50th_male,mid,mid
18.83961286,71.3409416,,1267,50th_male,mid,mid
19.06236549,72.37325459,,1267,50th_male,mid,mid
20.01428478,76.78478675,,1267,50th_male,mid,mid
20.26872703,77.96396982,,1267,50th_male,mid,mid
21.53255577,83.02675525,,1267,50th_male,mid,mid
22.39826115,85.78748688,,1267,50th_male,mid,mid
23.07512139,87.2314206,,1267,50th_male,mid,mid
23.16474738,87.2314206,,1267,50th_male,mid,mid
23.59098425,88.72021654,,1267,50th_male,mid,mid
24.67798228,90.25623031,,1267,50th_male,mid,mid
25.17792651,92.48097113,,1267,50th_male,mid,mid
25.2959416,92.48097113,,1267,50th_male,mid,mid
25.95447835,93.50945538,,1267,50th_male,mid,mid
26.01408136,93.50945538,,1267,50th_male,mid,mid
26.44592848,94.55927493,,1267,50th_male,mid,mid
26.44592848,94.55927493,,1267,50th_male,mid,mid
26.56638123,94.55927493,,1267,50th_male,mid,mid
26.74705381,94.55927493,,1267,50th_male,mid,mid
27.3127395,95.63096129,,1267,50th_male,mid,mid
27.73870735,95.63096129,,1267,50th_male,mid,mid
27.98211614,95.63096129,,1267,50th_male,mid,mid
28.59063976,95.63096129,,1267,50th_male,mid,mid
28.8340584,95.63096129,,1267,50th_male,mid,mid
28.89490486,95.63096129,,1267,50th_male,mid,mid
29.26002625,95.63096129,,1267,50th_male,mid,mid
29.50343504,95.63096129,,1267,50th_male,mid,mid
29.92939961,95.63096129,,1267,50th_male,mid,mid
30.05110236,95.63096129,,1267,50th_male,mid,mid
30.00803806,93.50945538,,1267,50th_male,mid,mid
29.95769029,92.48097113,,1267,50th_male,mid,mid
30.03343504,90.48479987,,1267,50th_male,mid,mid
29.70924541,88.56626312,,1267,50th_male,mid,mid
29.45300525,86.72063976,,1267,50th_male,mid,mid
27.44187992,78.45545604,,1267,50th_male,mid,mid
26.20145013,73.47570538,,1267,50th_male,mid,mid
26.20145013,73.47570538,,1267,50th_male,mid,mid
25.80543635,72.15610564,,1267,50th_male,mid,mid
25.42201115,70.87847113,,1267,50th_male,mid,mid
24.95970472,69.03613189,,1267,50th_male,mid,mid
24.78040682,68.44099409,,1267,50th_male,mid,mid
23.48172572,63.98983268,,1267,50th_male,mid,mid
22.86666995,61.95226706,,1267,50th_male,mid,mid
21.77389108,58.20305774,,1267,50th_male,mid,mid
21.37923228,56.89816929,,1267,50th_male,mid,mid
20.87645669,55.23579724,,1267,50th_male,mid,mid
20.75475722,54.83340223,,1267,50th_male,mid,mid
20.51588583,54.0435958,,1267,50th_male,mid,mid
20.0556332,52.52182415,,1267,50th_male,mid,mid
19.68992126,51.42832677,,1267,50th_male,mid,mid
19.19947835,50.02999016,,1267,50th_male,mid,mid
19.19947835,50.02999016,,1267,50th_male,mid,mid
19.26727034,49.6905479,,1267,50th_male,mid,mid
19.53693898,49.35508202,,1267,50th_male,mid,mid
19.77336286,49.35508202,,1267,50th_male,mid,mid
19.80713911,49.35508202,,1267,50th_male,mid,mid
19.8746916,49.35508202,,1267,50th_male,mid,mid
19.97140092,49.02342192,,1267,50th_male,mid,mid
20.17288386,49.02342192,,1267,50th_male,mid,mid
20.40794948,49.02342192,,1267,50th_male,mid,mid
20.69802822,48.79884843,,1267,50th_male,mid,mid
20.81845801,49.39328084,,1267,50th_male,mid,mid
20.89425197,49.39328084,,1267,50th_male,mid,mid
21.15951772,49.39328084,,1267,50th_male,mid,mid
21.1974147,49.39328084,,1267,50th_male,mid,mid
21.31109908,49.39328084,,1267,50th_male,mid,mid
21.50057743,49.39328084,,1267,50th_male,mid,mid
21.72794948,49.39328084,,1267,50th_male,mid,mid
21.80374016,49.39328084,,1267,50th_male,mid,mid
21.95532152,49.39328084,,1267,50th_male,mid,mid
22.31675853,49.77024278,,1267,50th_male,mid,mid
22.46933071,49.77024278,,1267,50th_male,mid,mid
22.69818898,49.77024278,,1267,50th_male,mid,mid
22.81261811,49.77024278,,1267,50th_male,mid,mid
22.92704724,49.77024278,,1267,50th_male,mid,mid
23.07961286,49.77024278,,1267,50th_male,mid,mid
23.34661417,49.77024278,,1267,50th_male,mid,mid
23.34661417,49.77024278,,1267,50th_male,mid,mid
23.49918635,49.77024278,,1267,50th_male,mid,mid
23.80432415,49.77024278,,1267,50th_male,mid,mid
23.99503937,49.77024278,,1267,50th_male,mid,mid
24.10947178,49.77024278,,1267,50th_male,mid,mid
24.22389764,49.77024278,,1267,50th_male,mid,mid
24.22904199,49.39328084,,1267,50th_male,mid,mid
24.27177822,49.02117782,,1267,50th_male,mid,mid
24.31396325,48.6538353,,1267,50th_male,mid,mid
24.42619751,48.6538353,,1267,50th_male,mid,mid
24.35562992,48.29121063,,1267,50th_male,mid,mid
24.54149278,48.29121063,,1267,50th_male,mid,mid
24.65300853,48.29121063,,1267,50th_male,mid,mid
24.83887139,48.29121063,,1267,50th_male,mid,mid
24.98775262,47.9331332,,1267,50th_male,mid,mid
24.98794619,47.57954396,,1267,50th_male,mid,mid
25.06135171,47.57954396,,1267,50th_male,mid,mid
25.09806102,47.57954396,,1267,50th_male,mid,mid
25.28158793,47.57954396,,1267,50th_male,mid,mid
25.50181759,47.57954396,,1267,50th_male,mid,mid
25.68534777,47.57954396,,1267,50th_male,mid,mid
25.75875984,47.57954396,,1267,50th_male,mid,mid
25.90557743,47.57954396,,1267,50th_male,mid,mid
26.05240157,47.57954396,,1267,50th_male,mid,mid
26.1625164,47.57954396,,1267,50th_male,mid,mid
26.33658793,47.98316601,,1267,50th_male,mid,mid
26.42505906,47.98316601,,1267,50th_male,mid,mid
26.51353675,47.98316601,,1267,50th_male,mid,mid
26.55776903,47.98316601,,1267,50th_male,mid,mid
26.64624344,47.98316601,,1267,50th_male,mid,mid
26.73471457,47.98316601,,1267,50th_male,mid,mid
26.77895013,47.98316601,,1267,50th_male,mid,mid
26.95588911,47.98316601,,1267,50th_male,mid,mid
27.00012467,47.98316601,,1267,50th_male,mid,mid
27.0291437,47.55988845,,1267,50th_male,mid,mid
27.05771982,47.14288714,,1267,50th_male,mid,mid
27.2589042,46.73209646,,1267,50th_male,mid,mid
27.34541339,46.73209646,,1267,50th_male,mid,mid
27.43191601,46.73209646,,1267,50th_male,mid,mid
27.51842192,46.73209646,,1267,50th_male,mid,mid
27.51842192,46.73209646,,1267,50th_male,mid,mid
27.6049311,46.73209646,,1267,50th_male,mid,mid
27.73468832,46.73209646,,1267,50th_male,mid,mid
28.03746063,46.73209646,,1267,50th_male,mid,mid
28.16722441,46.73209646,,1267,50th_male,mid,mid
28.38348753,46.73209646,,1267,50th_male,mid,mid
28.55650262,46.73209646,,1267,50th_male,mid,mid
28.90252953,46.73209646,,1267,50th_male,mid,mid
29.11879921,46.73209646,,1267,50th_male,mid,mid
29.24856299,46.73209646,,1267,50th_male,mid,mid
29.37832349,46.73209646,,1267,50th_male,mid,mid
29.46482612,46.73209646,,1267,50th_male,mid,mid
29.5513353,46.73209646,,1267,50th_male,mid,mid
29.63784121,46.73209646,,1267,50th_male,mid,mid
6.622828084,-24.24463911,,1267,50th_male,mid,mid
6.622828084,-24.24463911,,1267,50th_male,mid,mid
8.285944882,-16.77324803,,1267,50th_male,mid,mid
8.285944882,-16.77324803,,1267,50th_male,mid,mid
